-- phpMyAdmin SQL Dump
-- version 4.0.10deb1
-- http://www.phpmyadmin.net
--
-- Host: localhost
-- Generation Time: Mar 29, 2017 at 04:20 AM
-- Server version: 5.6.33-0ubuntu0.14.04.1
-- PHP Version: 5.5.9-1ubuntu4.21

SET SQL_MODE = "NO_AUTO_VALUE_ON_ZERO";
SET time_zone = "+00:00";


/*!40101 SET @OLD_CHARACTER_SET_CLIENT=@@CHARACTER_SET_CLIENT */;
/*!40101 SET @OLD_CHARACTER_SET_RESULTS=@@CHARACTER_SET_RESULTS */;
/*!40101 SET @OLD_COLLATION_CONNECTION=@@COLLATION_CONNECTION */;
/*!40101 SET NAMES utf8 */;

--
-- Database: `cattledb`
--

-- --------------------------------------------------------

--
-- Table structure for table `actionCards`
--

CREATE TABLE IF NOT EXISTS `actionCards` (
  `keyid` int(11) NOT NULL AUTO_INCREMENT,
  `type` varchar(50) CHARACTER SET utf8 COLLATE utf8_unicode_ci NOT NULL,
  `card` varchar(50) CHARACTER SET utf8 COLLATE utf8_unicode_ci NOT NULL,
  PRIMARY KEY (`keyid`),
  UNIQUE KEY `key` (`keyid`)
) ENGINE=InnoDB  DEFAULT CHARSET=latin1 AUTO_INCREMENT=72 ;

--
-- Dumping data for table `actionCards`
--

INSERT INTO `actionCards` (`keyid`, `type`, `card`) VALUES
(1, '疾病', '蹄葉炎'),
(2, '疾病', '乳房炎'),
(3, '疾病', '牛流行熱'),
(4, '配種作業', '發情週期檢查'),
(5, '配種作業', '人工檢查'),
(6, '配種作業', '選則精液'),
(7, '移欄作業', '產前移欄作業'),
(8, '移欄作業', '產後移欄作業'),
(9, '1.員工', '阿陳'),
(10, '1.員工', '王獸醫'),
(11, '1.員工', '老闆'),
(13, '1.員工', '小張'),
(16, '移欄作業', '小牛移欄作業'),
(17, '疾病(通報)', '狂牛症'),
(18, '疾病(通報)', '牛結節疹'),
(19, '疾病(通報)', '結核病'),
(20, '疾病(通報)', '牛瘟'),
(21, '疾病(通報)', '牛白血病'),
(22, '疾病(通報)', '水疱疹'),
(23, '配種作業', '種公牛採精'),
(24, '芻料', '牧草'),
(25, '芻料', '玉米'),
(26, '芻料', '小麥'),
(27, '芻料', '豆科牧草'),
(28, '芻料', '香檳牧草'),
(29, '擠乳作業', '擠乳前藥浴'),
(30, '擠乳作業', '套乳杯'),
(31, '調配牧草', '盤固草'),
(32, '調配牧草', '尼羅草'),
(33, '調配牧草', '狼尾草'),
(34, '調配牧草', '青割玉米'),
(35, '擠乳作業', '消毒'),
(36, '調配牧草', '苜蓿草'),
(37, '調配牧草', '果園草'),
(39, '2. 動作', '檢查'),
(40, '2. 動作', '注意'),
(41, '2. 動作', '複檢'),
(42, '2. 動作', '確認'),
(45, '2. 動作', '打電話'),
(46, '2. 動作', '通報畜試所'),
(47, '2. 動作', '補料'),
(49, '2. 動作', 'by');

-- --------------------------------------------------------

--
-- Table structure for table `announcements`
--

CREATE TABLE IF NOT EXISTS `announcements` (
  `keyid` int(11) NOT NULL AUTO_INCREMENT,
  `who` varchar(50) CHARACTER SET utf8 COLLATE utf8_unicode_ci NOT NULL,
  `email` varchar(50) CHARACTER SET utf8 COLLATE utf8_unicode_ci NOT NULL,
  `phone` varchar(50) CHARACTER SET utf8 COLLATE utf8_unicode_ci NOT NULL,
  `farm` varchar(50) CHARACTER SET utf8 COLLATE utf8_unicode_ci NOT NULL,
  `description` text CHARACTER SET utf8 COLLATE utf8_unicode_ci NOT NULL,
  `suggestion` text CHARACTER SET utf8 COLLATE utf8_unicode_ci NOT NULL,
  `date_on` varchar(50) CHARACTER SET utf8 COLLATE utf8_unicode_ci NOT NULL,
  `date_off` varchar(50) CHARACTER SET utf8 COLLATE utf8_unicode_ci NOT NULL,
  `alertLevel` int(11) NOT NULL,
  PRIMARY KEY (`keyid`),
  UNIQUE KEY `key` (`keyid`)
) ENGINE=InnoDB  DEFAULT CHARSET=latin1 AUTO_INCREMENT=5 ;

--
-- Dumping data for table `announcements`
--

INSERT INTO `announcements` (`keyid`, `who`, `email`, `phone`, `farm`, `description`, `suggestion`, `date_on`, `date_off`, `alertLevel`) VALUES
(1, '吳成恩', 'doc@farm.tw', '0920947947', '台南牧場', '牧場周圍禽鳥多', '注意牧場周圍防疫', '20170314', '', 1),
(2, '鄭明德', 'cowboy@farm.tw', '0919168168', '彰化牧場', '', '注意近期苜蓿草品質', '20170315', '', 0);

-- --------------------------------------------------------

--
-- Table structure for table `cattleBasicInfo`
--

CREATE TABLE IF NOT EXISTS `cattleBasicInfo` (
  `tagID` varchar(50) CHARACTER SET utf8 COLLATE utf8_unicode_ci NOT NULL,
  `globalID` varchar(50) CHARACTER SET utf8 COLLATE utf8_unicode_ci NOT NULL,
  `simpleID` varchar(30) CHARACTER SET utf8 COLLATE utf8_unicode_ci NOT NULL,
  `birthDate` varchar(50) CHARACTER SET utf8 COLLATE utf8_unicode_ci NOT NULL,
  `paternalLine` varchar(50) CHARACTER SET utf8 COLLATE utf8_unicode_ci NOT NULL,
  `maternalLine` varchar(50) CHARACTER SET utf8 COLLATE utf8_unicode_ci NOT NULL,
  PRIMARY KEY (`tagID`)
) ENGINE=InnoDB DEFAULT CHARSET=latin1;

--
-- Dumping data for table `cattleBasicInfo`
--

INSERT INTO `cattleBasicInfo` (`tagID`, `globalID`, `simpleID`, `birthDate`, `paternalLine`, `maternalLine`) VALUES
('981000430105091', '04M164', '164', '20150822', '200H0402', '01M2049'),
('981000430105092', '03M7007', '7007', '20140221', '200H528', '02M549'),
('981000430105093', '04M569', '569', '20150725', 'JP5H54028', '00T5567'),
('981000430105095', '05M696', '696', '873H999', '200H0402', '01M992'),
('982 000420104595', '02T607', '607', '20131031', 'JP5H54028', '01M332');

-- --------------------------------------------------------

--
-- Table structure for table `cattleHealthStatus`
--

CREATE TABLE IF NOT EXISTS `cattleHealthStatus` (
  `keyid` int(11) NOT NULL AUTO_INCREMENT,
  `tagID` varchar(50) CHARACTER SET utf8 COLLATE utf8_unicode_ci NOT NULL,
  `timestamp` varchar(50) CHARACTER SET utf8 COLLATE utf8_unicode_ci NOT NULL,
  `text` text CHARACTER SET utf8 COLLATE utf8_unicode_ci NOT NULL,
  `who` varchar(50) CHARACTER SET utf8 COLLATE utf8_unicode_ci NOT NULL,
  PRIMARY KEY (`keyid`)
) ENGINE=InnoDB  DEFAULT CHARSET=latin1 AUTO_INCREMENT=8 ;

--
-- Dumping data for table `cattleHealthStatus`
--

INSERT INTO `cattleHealthStatus` (`keyid`, `tagID`, `timestamp`, `text`, `who`) VALUES
(1, '981000430105091', '1490015053', '預產', '獸醫師'),
(2, '981000430105092', '1490015053', '生產', '管理員'),
(3, '982 000420104595', '1490604480', '配種完成', '獸醫師'),
(4, '982 000420104595', '1490331194', '開始泌乳', '阿陳'),
(5, '982 000420104595', '1490604480', '食量改變，應注意', '獸醫師'),
(6, '982 000420104595', '1490604480', '感冒，飼料添加藥物，注意食量', '獸醫師'),
(7, '982 000420104595', '1490604480', '泌乳完成', '阿陳');

-- --------------------------------------------------------

--
-- Table structure for table `cattleLocation`
--

CREATE TABLE IF NOT EXISTS `cattleLocation` (
  `keyid` int(11) NOT NULL AUTO_INCREMENT,
  `tagID` varchar(50) CHARACTER SET utf8 COLLATE utf8_unicode_ci NOT NULL,
  `timestamp` varchar(50) CHARACTER SET utf8 COLLATE utf8_unicode_ci NOT NULL,
  `location` varchar(50) CHARACTER SET utf8 COLLATE utf8_unicode_ci NOT NULL,
  PRIMARY KEY (`keyid`)
) ENGINE=InnoDB  DEFAULT CHARSET=latin1 AUTO_INCREMENT=7 ;

--
-- Dumping data for table `cattleLocation`
--

INSERT INTO `cattleLocation` (`keyid`, `tagID`, `timestamp`, `location`) VALUES
(1, '981000430105091', '1489395000', 'B'),
(2, '981000430105092', '1489395102', 'F'),
(3, '981000430105093', '1489395800', 'D'),
(4, '981000430105094', '1489394369', 'A'),
(5, '981000430105095', '1489392500', 'C'),
(6, '981000430105096', '1489399647', 'D');

-- --------------------------------------------------------

--
-- Table structure for table `cattleTodo`
--

CREATE TABLE IF NOT EXISTS `cattleTodo` (
  `keyid` int(11) NOT NULL AUTO_INCREMENT,
  `tagID` varchar(50) CHARACTER SET utf8 COLLATE utf8_unicode_ci NOT NULL,
  `timestamp` varchar(50) CHARACTER SET utf8 COLLATE utf8_unicode_ci NOT NULL,
  `task` text CHARACTER SET utf8 COLLATE utf8_unicode_ci NOT NULL,
  `caseOpenedBy` varchar(50) CHARACTER SET utf8 COLLATE utf8_unicode_ci NOT NULL,
  `caseClosedBy` varchar(50) CHARACTER SET utf8 COLLATE utf8_unicode_ci NOT NULL,
  PRIMARY KEY (`keyid`)
) ENGINE=InnoDB  DEFAULT CHARSET=latin1 AUTO_INCREMENT=15 ;

--
-- Dumping data for table `cattleTodo`
--

INSERT INTO `cattleTodo` (`keyid`, `tagID`, `timestamp`, `task`, `caseOpenedBy`, `caseClosedBy`) VALUES
(1, '982 000420104595', '1488453609', '發情檢測', '001', ''),
(2, '982 000420104595', '1489835228', '移欄 A到B', '001', '002'),
(3, '982 000420104595', '1490169669', '懷孕檢測', '王獸醫', '001'),
(4, '981000430105092', '1490950080', '預定乾乳', '張大東', ''),
(5, '982 000420104595', '1491122880', '冷凍烙印', '001', ''),
(6, '981000430105094', '1489673609', '打疫苗', '001', '001'),
(7, '982 000420104595', '1490604480', '疫苗第一劑', '001', ''),
(8, '982 000420104595', '1490604480', '人工懷孕檢測', '001', ''),
(9, '982 000420104595', '1490238605', '檢查', '001', ''),
(10, '982 000420104595', '1490777280', '感冒檢查', '001', ''),
(11, '981000430105093', '1490604480', '套乳杯', '001', '7'),
(12, '982 000420104595', '1490604480', '擠乳前藥浴', '001', '9'),
(13, '981000430105092', '1490950080', '小牛移欄作業', '002', ''),
(14, '982 000420104595', '1490604480', '人工檢查', '002', '');

-- --------------------------------------------------------

--
-- Table structure for table `crewData`
--

CREATE TABLE IF NOT EXISTS `crewData` (
  `crewId` varchar(50) CHARACTER SET utf8 COLLATE utf8_unicode_ci NOT NULL,
  `groups` int(11) NOT NULL,
  `duty` int(11) NOT NULL,
  `crewName` varchar(50) CHARACTER SET utf8 COLLATE utf8_unicode_ci NOT NULL,
  `crewEmail` varchar(50) CHARACTER SET utf8 COLLATE utf8_unicode_ci NOT NULL,
  `crewPhone` varchar(50) CHARACTER SET utf8 COLLATE utf8_unicode_ci NOT NULL,
  `note` text CHARACTER SET utf8 COLLATE utf8_unicode_ci NOT NULL,
  PRIMARY KEY (`crewId`)
) ENGINE=InnoDB DEFAULT CHARSET=latin1;

--
-- Dumping data for table `crewData`
--

INSERT INTO `crewData` (`crewId`, `groups`, `duty`, `crewName`, `crewEmail`, `crewPhone`, `note`) VALUES
('1', 1, 1, '鄭明德', 'cowboy@farm.tw', '0919168168', '彰化牧場管理員'),
('2', 2, 1, '吳成恩', 'doc@farm.tw', '0920947947', '台南牧場獸醫師'),
('3', 3, 1, '王大明', '', '0987222111', '彰化牧場操作員'),
('4', 3, 0, 'PALISTA.UKA', '', '0987336453', '彰化牧場操作員'),
('5', 3, 1, '張春麗', '', '0988163505', '彰化牧場操作員');

-- --------------------------------------------------------

--
-- Table structure for table `envirData`
--

CREATE TABLE IF NOT EXISTS `envirData` (
  `keyid` int(11) NOT NULL AUTO_INCREMENT,
  `roomId` int(11) NOT NULL,
  `temperature` float NOT NULL,
  `humidity` float NOT NULL,
  `timestamp` varchar(50) NOT NULL,
  PRIMARY KEY (`keyid`)
) ENGINE=InnoDB  DEFAULT CHARSET=latin1 AUTO_INCREMENT=964 ;

--
-- Dumping data for table `envirData`
--

INSERT INTO `envirData` (`keyid`, `roomId`, `temperature`, `humidity`, `timestamp`) VALUES
(100, 1, 21, 65, '1489761232'),
(101, 1, 21, 75, '1489761832'),
(102, 1, 29, 75, '1489762432'),
(103, 1, 27, 60, '1489763032'),
(104, 1, 25, 67, '1489763632'),
(105, 1, 23, 61, '1489764232'),
(106, 1, 29, 81, '1489764832'),
(107, 1, 20, 85, '1489765432'),
(108, 1, 30, 85, '1489766032'),
(109, 1, 29, 80, '1489766632'),
(110, 1, 27, 79, '1489767232'),
(111, 1, 30, 75, '1489767832'),
(112, 1, 22, 79, '1489768432'),
(113, 1, 27, 83, '1489769032'),
(114, 1, 24, 66, '1489769632'),
(115, 1, 22, 60, '1489770232'),
(116, 1, 20, 67, '1489770832'),
(117, 1, 30, 70, '1489771432'),
(118, 1, 24, 69, '1489772032'),
(119, 1, 30, 82, '1489772632'),
(120, 1, 21, 75, '1489773232'),
(121, 1, 28, 79, '1489773832'),
(122, 1, 28, 69, '1489774432'),
(123, 1, 25, 74, '1489775032'),
(124, 1, 23, 72, '1489775632'),
(125, 1, 30, 66, '1489776232'),
(126, 1, 26, 85, '1489776832'),
(127, 1, 30, 70, '1489777432'),
(128, 1, 25, 79, '1489778032'),
(129, 1, 26, 82, '1489778632'),
(130, 1, 29, 61, '1489779232'),
(131, 1, 30, 68, '1489779832'),
(132, 1, 29, 78, '1489780432'),
(133, 1, 27, 72, '1489781032'),
(134, 1, 22, 79, '1489781632'),
(135, 1, 27, 81, '1489782232'),
(136, 1, 22, 82, '1489782832'),
(137, 1, 30, 64, '1489783432'),
(138, 1, 25, 83, '1489784032'),
(139, 1, 25, 66, '1489784632'),
(140, 1, 21, 73, '1489785232'),
(141, 1, 21, 61, '1489785832'),
(142, 1, 28, 70, '1489786432'),
(143, 1, 27, 68, '1489787032'),
(144, 1, 22, 62, '1489787632'),
(145, 1, 28, 67, '1489788232'),
(146, 1, 21, 67, '1489788832'),
(147, 1, 20, 68, '1489789432'),
(148, 1, 25, 77, '1489790032'),
(149, 1, 23, 74, '1489790632'),
(150, 1, 27, 78, '1489791232'),
(151, 1, 27, 73, '1489791832'),
(152, 1, 24, 77, '1489792432'),
(153, 1, 23, 74, '1489793032'),
(154, 1, 20, 78, '1489793632'),
(155, 1, 25, 70, '1489794232'),
(156, 1, 22, 69, '1489794832'),
(157, 1, 27, 76, '1489795432'),
(158, 1, 22, 62, '1489796032'),
(159, 1, 25, 82, '1489796632'),
(160, 1, 22, 60, '1489797232'),
(161, 1, 24, 61, '1489797832'),
(162, 1, 20, 74, '1489798432'),
(163, 1, 29, 67, '1489799032'),
(164, 1, 27, 63, '1489799632'),
(165, 1, 26, 84, '1489800232'),
(166, 1, 25, 76, '1489800832'),
(167, 1, 22, 74, '1489801432'),
(168, 1, 21, 79, '1489802032'),
(169, 1, 27, 80, '1489802632'),
(170, 1, 26, 84, '1489803232'),
(171, 1, 29, 82, '1489803832'),
(172, 1, 27, 76, '1489804432'),
(173, 1, 21, 82, '1489805032'),
(174, 1, 21, 76, '1489805632'),
(175, 1, 27, 71, '1489806232'),
(176, 1, 26, 60, '1489806832'),
(177, 1, 24, 77, '1489807432'),
(178, 1, 20, 65, '1489808032'),
(179, 1, 30, 70, '1489808632'),
(180, 1, 29, 78, '1489809232'),
(181, 1, 21, 70, '1489809832'),
(182, 1, 29, 63, '1489810432'),
(183, 1, 22, 82, '1489811032'),
(184, 1, 20, 79, '1489811632'),
(185, 1, 25, 79, '1489812232'),
(186, 1, 20, 75, '1489812832'),
(187, 1, 24, 78, '1489813432'),
(188, 1, 25, 79, '1489814032'),
(189, 1, 25, 62, '1489814632'),
(190, 1, 26, 75, '1489815232'),
(191, 1, 30, 67, '1489815832'),
(192, 1, 21, 83, '1489816432'),
(193, 1, 27, 63, '1489817032'),
(194, 1, 26, 76, '1489817632'),
(195, 1, 21, 76, '1489818232'),
(196, 1, 28, 77, '1489818832'),
(197, 1, 21, 84, '1489819432'),
(198, 1, 21, 80, '1489820032'),
(199, 1, 30, 78, '1489820632'),
(200, 1, 26, 66, '1489821232'),
(201, 1, 21, 75, '1489821832'),
(202, 1, 21, 60, '1489822432'),
(203, 1, 26, 60, '1489823032'),
(204, 1, 30, 70, '1489823632'),
(205, 1, 29, 81, '1489824232'),
(206, 1, 25, 74, '1489824832'),
(207, 1, 21, 84, '1489825432'),
(208, 1, 26, 60, '1489826032'),
(209, 1, 30, 66, '1489826632'),
(210, 1, 20, 77, '1489827232'),
(211, 1, 23, 80, '1489827832'),
(212, 1, 27, 73, '1489828432'),
(213, 1, 26, 80, '1489829032'),
(214, 1, 21, 85, '1489829632'),
(215, 1, 26, 74, '1489830232'),
(216, 1, 26, 82, '1489830832'),
(217, 1, 23, 65, '1489831432'),
(218, 1, 20, 77, '1489832032'),
(219, 1, 29, 69, '1489832632'),
(220, 1, 25, 71, '1489833232'),
(221, 1, 25, 85, '1489833832'),
(222, 1, 23, 83, '1489834432'),
(223, 1, 20, 84, '1489835032'),
(224, 1, 21, 71, '1489835632'),
(225, 1, 23, 73, '1489836232'),
(226, 1, 30, 64, '1489836832'),
(227, 1, 24, 76, '1489837432'),
(228, 1, 29, 77, '1489838032'),
(229, 1, 24, 64, '1489838632'),
(230, 1, 21, 69, '1489839232'),
(231, 1, 26, 69, '1489839832'),
(232, 1, 23, 83, '1489840432'),
(233, 1, 20, 62, '1489841032'),
(234, 1, 28, 75, '1489841632'),
(235, 1, 29, 78, '1489842232'),
(236, 1, 27, 63, '1489842832'),
(237, 1, 23, 85, '1489843432'),
(238, 1, 22, 72, '1489844032'),
(239, 1, 29, 64, '1489844632'),
(240, 1, 22, 75, '1489845232'),
(241, 1, 29, 71, '1489845832'),
(242, 1, 30, 77, '1489846432'),
(243, 1, 28, 68, '1489847032'),
(244, 2, 25, 68, '1489761232'),
(245, 2, 27, 81, '1489761832'),
(246, 2, 35, 63, '1489762432'),
(247, 2, 31, 64, '1489763032'),
(248, 2, 35, 66, '1489763632'),
(249, 2, 29, 82, '1489764232'),
(250, 2, 34, 72, '1489764832'),
(251, 2, 35, 81, '1489765432'),
(252, 2, 34, 57, '1489766032'),
(253, 2, 32, 70, '1489766632'),
(254, 2, 34, 70, '1489767232'),
(255, 2, 25, 52, '1489767832'),
(256, 2, 30, 57, '1489768432'),
(257, 2, 35, 75, '1489769032'),
(258, 2, 32, 83, '1489769632'),
(259, 2, 32, 52, '1489770232'),
(260, 2, 28, 76, '1489770832'),
(261, 2, 35, 81, '1489771432'),
(262, 2, 34, 61, '1489772032'),
(263, 2, 27, 59, '1489772632'),
(264, 2, 26, 59, '1489773232'),
(265, 2, 33, 70, '1489773832'),
(266, 2, 26, 62, '1489774432'),
(267, 2, 33, 59, '1489775032'),
(268, 2, 30, 68, '1489775632'),
(269, 2, 35, 65, '1489776232'),
(270, 2, 30, 76, '1489776832'),
(271, 2, 27, 76, '1489777432'),
(272, 2, 25, 89, '1489778032'),
(273, 2, 30, 79, '1489778632'),
(274, 2, 31, 68, '1489779232'),
(275, 2, 29, 59, '1489779832'),
(276, 2, 33, 73, '1489780432'),
(277, 2, 25, 84, '1489781032'),
(278, 2, 34, 55, '1489781632'),
(279, 2, 32, 69, '1489782232'),
(280, 2, 29, 76, '1489782832'),
(281, 2, 34, 64, '1489783432'),
(282, 2, 29, 72, '1489784032'),
(283, 2, 28, 83, '1489784632'),
(284, 2, 29, 52, '1489785232'),
(285, 2, 26, 80, '1489785832'),
(286, 2, 31, 81, '1489786432'),
(287, 2, 31, 61, '1489787032'),
(288, 2, 31, 83, '1489787632'),
(289, 2, 28, 72, '1489788232'),
(290, 2, 31, 71, '1489788832'),
(291, 2, 26, 70, '1489789432'),
(292, 2, 35, 67, '1489790032'),
(293, 2, 29, 60, '1489790632'),
(294, 2, 35, 61, '1489791232'),
(295, 2, 35, 73, '1489791832'),
(296, 2, 32, 77, '1489792432'),
(297, 2, 32, 82, '1489793032'),
(298, 2, 29, 88, '1489793632'),
(299, 2, 32, 90, '1489794232'),
(300, 2, 33, 56, '1489794832'),
(301, 2, 28, 57, '1489795432'),
(302, 2, 25, 73, '1489796032'),
(303, 2, 29, 72, '1489796632'),
(304, 2, 35, 67, '1489797232'),
(305, 2, 33, 74, '1489797832'),
(306, 2, 34, 84, '1489798432'),
(307, 2, 25, 55, '1489799032'),
(308, 2, 30, 60, '1489799632'),
(309, 2, 35, 74, '1489800232'),
(310, 2, 28, 74, '1489800832'),
(311, 2, 35, 81, '1489801432'),
(312, 2, 34, 84, '1489802032'),
(313, 2, 29, 89, '1489802632'),
(314, 2, 33, 72, '1489803232'),
(315, 2, 28, 89, '1489803832'),
(316, 2, 31, 67, '1489804432'),
(317, 2, 31, 71, '1489805032'),
(318, 2, 34, 76, '1489805632'),
(319, 2, 35, 85, '1489806232'),
(320, 2, 26, 76, '1489806832'),
(321, 2, 31, 85, '1489807432'),
(322, 2, 33, 74, '1489808032'),
(323, 2, 31, 58, '1489808632'),
(324, 2, 31, 87, '1489809232'),
(325, 2, 32, 89, '1489809832'),
(326, 2, 31, 66, '1489810432'),
(327, 2, 31, 81, '1489811032'),
(328, 2, 32, 61, '1489811632'),
(329, 2, 25, 62, '1489812232'),
(330, 2, 34, 66, '1489812832'),
(331, 2, 26, 82, '1489813432'),
(332, 2, 34, 82, '1489814032'),
(333, 2, 30, 63, '1489814632'),
(334, 2, 34, 72, '1489815232'),
(335, 2, 27, 52, '1489815832'),
(336, 2, 34, 67, '1489816432'),
(337, 2, 32, 52, '1489817032'),
(338, 2, 35, 85, '1489817632'),
(339, 2, 26, 61, '1489818232'),
(340, 2, 25, 82, '1489818832'),
(341, 2, 29, 86, '1489819432'),
(342, 2, 35, 89, '1489820032'),
(343, 2, 30, 70, '1489820632'),
(344, 2, 25, 78, '1489821232'),
(345, 2, 33, 70, '1489821832'),
(346, 2, 31, 76, '1489822432'),
(347, 2, 32, 76, '1489823032'),
(348, 2, 28, 72, '1489823632'),
(349, 2, 35, 59, '1489824232'),
(350, 2, 26, 74, '1489824832'),
(351, 2, 29, 52, '1489825432'),
(352, 2, 29, 63, '1489826032'),
(353, 2, 30, 62, '1489826632'),
(354, 2, 31, 87, '1489827232'),
(355, 2, 28, 59, '1489827832'),
(356, 2, 28, 68, '1489828432'),
(357, 2, 33, 78, '1489829032'),
(358, 2, 31, 80, '1489829632'),
(359, 2, 28, 57, '1489830232'),
(360, 2, 28, 74, '1489830832'),
(361, 2, 25, 82, '1489831432'),
(362, 2, 25, 88, '1489832032'),
(363, 2, 30, 69, '1489832632'),
(364, 2, 31, 63, '1489833232'),
(365, 2, 31, 79, '1489833832'),
(366, 2, 31, 85, '1489834432'),
(367, 2, 25, 66, '1489835032'),
(368, 2, 29, 87, '1489835632'),
(369, 2, 25, 89, '1489836232'),
(370, 2, 31, 73, '1489836832'),
(371, 2, 28, 81, '1489837432'),
(372, 2, 34, 62, '1489838032'),
(373, 2, 34, 70, '1489838632'),
(374, 2, 30, 59, '1489839232'),
(375, 2, 31, 74, '1489839832'),
(376, 2, 28, 51, '1489840432'),
(377, 2, 32, 57, '1489841032'),
(378, 2, 28, 55, '1489841632'),
(379, 2, 26, 87, '1489842232'),
(380, 2, 28, 68, '1489842832'),
(381, 2, 25, 90, '1489843432'),
(382, 2, 31, 82, '1489844032'),
(383, 2, 29, 89, '1489844632'),
(384, 2, 27, 59, '1489845232'),
(385, 2, 35, 87, '1489845832'),
(386, 2, 25, 52, '1489846432'),
(387, 2, 32, 86, '1489847032'),
(388, 3, 25, 51, '1489761232'),
(389, 3, 33, 77, '1489761832'),
(390, 3, 29, 79, '1489762432'),
(391, 3, 29, 73, '1489763032'),
(392, 3, 35, 69, '1489763632'),
(393, 3, 32, 74, '1489764232'),
(394, 3, 33, 78, '1489764832'),
(395, 3, 32, 82, '1489765432'),
(396, 3, 34, 56, '1489766032'),
(397, 3, 34, 58, '1489766632'),
(398, 3, 34, 69, '1489767232'),
(399, 3, 25, 72, '1489767832'),
(400, 3, 30, 79, '1489768432'),
(401, 3, 26, 53, '1489769032'),
(402, 3, 25, 83, '1489769632'),
(403, 3, 26, 70, '1489770232'),
(404, 3, 33, 75, '1489770832'),
(405, 3, 29, 52, '1489771432'),
(406, 3, 35, 68, '1489772032'),
(407, 3, 27, 80, '1489772632'),
(408, 3, 31, 66, '1489773232'),
(409, 3, 27, 69, '1489773832'),
(410, 3, 25, 69, '1489774432'),
(411, 3, 33, 76, '1489775032'),
(412, 3, 32, 83, '1489775632'),
(413, 3, 28, 87, '1489776232'),
(414, 3, 25, 55, '1489776832'),
(415, 3, 29, 65, '1489777432'),
(416, 3, 34, 82, '1489778032'),
(417, 3, 29, 64, '1489778632'),
(418, 3, 29, 85, '1489779232'),
(419, 3, 25, 58, '1489779832'),
(420, 3, 26, 76, '1489780432'),
(421, 3, 34, 52, '1489781032'),
(422, 3, 32, 87, '1489781632'),
(423, 3, 33, 56, '1489782232'),
(424, 3, 27, 80, '1489782832'),
(425, 3, 27, 60, '1489783432'),
(426, 3, 31, 85, '1489784032'),
(427, 3, 25, 81, '1489784632'),
(428, 3, 33, 52, '1489785232'),
(429, 3, 32, 65, '1489785832'),
(430, 3, 30, 51, '1489786432'),
(431, 3, 26, 56, '1489787032'),
(432, 3, 31, 57, '1489787632'),
(433, 3, 29, 81, '1489788232'),
(434, 3, 30, 76, '1489788832'),
(435, 3, 29, 67, '1489789432'),
(436, 3, 29, 77, '1489790032'),
(437, 3, 25, 88, '1489790632'),
(438, 3, 28, 66, '1489791232'),
(439, 3, 32, 75, '1489791832'),
(440, 3, 33, 81, '1489792432'),
(441, 3, 27, 78, '1489793032'),
(442, 3, 30, 51, '1489793632'),
(443, 3, 34, 61, '1489794232'),
(444, 3, 33, 81, '1489794832'),
(445, 3, 34, 72, '1489795432'),
(446, 3, 25, 60, '1489796032'),
(447, 3, 34, 53, '1489796632'),
(448, 3, 30, 87, '1489797232'),
(449, 3, 33, 62, '1489797832'),
(450, 3, 33, 68, '1489798432'),
(451, 3, 34, 55, '1489799032'),
(452, 3, 30, 60, '1489799632'),
(453, 3, 25, 63, '1489800232'),
(454, 3, 34, 54, '1489800832'),
(455, 3, 35, 66, '1489801432'),
(456, 3, 27, 50, '1489802032'),
(457, 3, 28, 57, '1489802632'),
(458, 3, 34, 73, '1489803232'),
(459, 3, 35, 55, '1489803832'),
(460, 3, 33, 87, '1489804432'),
(461, 3, 33, 87, '1489805032'),
(462, 3, 32, 51, '1489805632'),
(463, 3, 25, 51, '1489806232'),
(464, 3, 26, 80, '1489806832'),
(465, 3, 34, 81, '1489807432'),
(466, 3, 30, 53, '1489808032'),
(467, 3, 35, 57, '1489808632'),
(468, 3, 29, 76, '1489809232'),
(469, 3, 27, 58, '1489809832'),
(470, 3, 32, 75, '1489810432'),
(471, 3, 25, 51, '1489811032'),
(472, 3, 28, 76, '1489811632'),
(473, 3, 25, 61, '1489812232'),
(474, 3, 28, 72, '1489812832'),
(475, 3, 30, 88, '1489813432'),
(476, 3, 33, 55, '1489814032'),
(477, 3, 30, 66, '1489814632'),
(478, 3, 31, 82, '1489815232'),
(479, 3, 26, 53, '1489815832'),
(480, 3, 29, 61, '1489816432'),
(481, 3, 28, 78, '1489817032'),
(482, 3, 32, 66, '1489817632'),
(483, 3, 32, 61, '1489818232'),
(484, 3, 27, 75, '1489818832'),
(485, 3, 30, 60, '1489819432'),
(486, 3, 25, 66, '1489820032'),
(487, 3, 35, 77, '1489820632'),
(488, 3, 30, 63, '1489821232'),
(489, 3, 34, 64, '1489821832'),
(490, 3, 25, 62, '1489822432'),
(491, 3, 26, 73, '1489823032'),
(492, 3, 33, 88, '1489823632'),
(493, 3, 28, 88, '1489824232'),
(494, 3, 26, 86, '1489824832'),
(495, 3, 30, 71, '1489825432'),
(496, 3, 26, 55, '1489826032'),
(497, 3, 30, 54, '1489826632'),
(498, 3, 28, 60, '1489827232'),
(499, 3, 32, 74, '1489827832'),
(500, 3, 26, 67, '1489828432'),
(501, 3, 35, 79, '1489829032'),
(502, 3, 30, 83, '1489829632'),
(503, 3, 26, 80, '1489830232'),
(504, 3, 25, 76, '1489830832'),
(505, 3, 26, 72, '1489831432'),
(506, 3, 25, 64, '1489832032'),
(507, 3, 25, 86, '1489832632'),
(508, 3, 25, 54, '1489833232'),
(509, 3, 29, 62, '1489833832'),
(510, 3, 29, 72, '1489834432'),
(511, 3, 34, 72, '1489835032'),
(512, 3, 33, 88, '1489835632'),
(513, 3, 30, 59, '1489836232'),
(514, 3, 27, 68, '1489836832'),
(515, 3, 35, 58, '1489837432'),
(516, 3, 25, 71, '1489838032'),
(517, 3, 34, 87, '1489838632'),
(518, 3, 32, 63, '1489839232'),
(519, 3, 30, 73, '1489839832'),
(520, 3, 25, 62, '1489840432'),
(521, 3, 35, 55, '1489841032'),
(522, 3, 35, 87, '1489841632'),
(523, 3, 34, 81, '1489842232'),
(524, 3, 29, 84, '1489842832'),
(525, 3, 33, 77, '1489843432'),
(526, 3, 31, 82, '1489844032'),
(527, 3, 33, 84, '1489844632'),
(528, 3, 27, 71, '1489845232'),
(529, 3, 34, 64, '1489845832'),
(530, 3, 28, 55, '1489846432'),
(531, 3, 34, 63, '1489847032'),
(532, 4, 28, 88, '1489761232'),
(533, 4, 25, 73, '1489761832'),
(534, 4, 25, 81, '1489762432'),
(535, 4, 32, 88, '1489763032'),
(536, 4, 34, 84, '1489763632'),
(537, 4, 25, 55, '1489764232'),
(538, 4, 31, 89, '1489764832'),
(539, 4, 32, 80, '1489765432'),
(540, 4, 35, 60, '1489766032'),
(541, 4, 30, 57, '1489766632'),
(542, 4, 29, 54, '1489767232'),
(543, 4, 33, 53, '1489767832'),
(544, 4, 29, 56, '1489768432'),
(545, 4, 33, 65, '1489769032'),
(546, 4, 33, 85, '1489769632'),
(547, 4, 34, 60, '1489770232'),
(548, 4, 29, 79, '1489770832'),
(549, 4, 27, 63, '1489771432'),
(550, 4, 30, 58, '1489772032'),
(551, 4, 26, 50, '1489772632'),
(552, 4, 34, 82, '1489773232'),
(553, 4, 26, 78, '1489773832'),
(554, 4, 31, 90, '1489774432'),
(555, 4, 35, 70, '1489775032'),
(556, 4, 34, 87, '1489775632'),
(557, 4, 34, 83, '1489776232'),
(558, 4, 25, 87, '1489776832'),
(559, 4, 32, 81, '1489777432'),
(560, 4, 35, 72, '1489778032'),
(561, 4, 29, 89, '1489778632'),
(562, 4, 28, 53, '1489779232'),
(563, 4, 30, 69, '1489779832'),
(564, 4, 29, 60, '1489780432'),
(565, 4, 29, 54, '1489781032'),
(566, 4, 32, 51, '1489781632'),
(567, 4, 28, 59, '1489782232'),
(568, 4, 32, 52, '1489782832'),
(569, 4, 29, 87, '1489783432'),
(570, 4, 28, 51, '1489784032'),
(571, 4, 29, 69, '1489784632'),
(572, 4, 33, 71, '1489785232'),
(573, 4, 30, 69, '1489785832'),
(574, 4, 31, 70, '1489786432'),
(575, 4, 26, 77, '1489787032'),
(576, 4, 30, 71, '1489787632'),
(577, 4, 34, 63, '1489788232'),
(578, 4, 32, 90, '1489788832'),
(579, 4, 30, 52, '1489789432'),
(580, 4, 35, 74, '1489790032'),
(581, 4, 34, 59, '1489790632'),
(582, 4, 27, 84, '1489791232'),
(583, 4, 25, 69, '1489791832'),
(584, 4, 26, 85, '1489792432'),
(585, 4, 28, 67, '1489793032'),
(586, 4, 28, 51, '1489793632'),
(587, 4, 30, 60, '1489794232'),
(588, 4, 32, 75, '1489794832'),
(589, 4, 33, 61, '1489795432'),
(590, 4, 31, 63, '1489796032'),
(591, 4, 25, 66, '1489796632'),
(592, 4, 28, 81, '1489797232'),
(593, 4, 31, 62, '1489797832'),
(594, 4, 28, 90, '1489798432'),
(595, 4, 32, 52, '1489799032'),
(596, 4, 25, 90, '1489799632'),
(597, 4, 32, 75, '1489800232'),
(598, 4, 33, 74, '1489800832'),
(599, 4, 28, 73, '1489801432'),
(600, 4, 28, 84, '1489802032'),
(601, 4, 29, 54, '1489802632'),
(602, 4, 33, 67, '1489803232'),
(603, 4, 26, 78, '1489803832'),
(604, 4, 31, 50, '1489804432'),
(605, 4, 35, 80, '1489805032'),
(606, 4, 29, 72, '1489805632'),
(607, 4, 32, 50, '1489806232'),
(608, 4, 28, 55, '1489806832'),
(609, 4, 29, 76, '1489807432'),
(610, 4, 26, 79, '1489808032'),
(611, 4, 31, 69, '1489808632'),
(612, 4, 28, 74, '1489809232'),
(613, 4, 26, 50, '1489809832'),
(614, 4, 29, 77, '1489810432'),
(615, 4, 30, 71, '1489811032'),
(616, 4, 30, 85, '1489811632'),
(617, 4, 27, 66, '1489812232'),
(618, 4, 31, 66, '1489812832'),
(619, 4, 27, 51, '1489813432'),
(620, 4, 32, 51, '1489814032'),
(621, 4, 33, 58, '1489814632'),
(622, 4, 26, 77, '1489815232'),
(623, 4, 31, 86, '1489815832'),
(624, 4, 29, 71, '1489816432'),
(625, 4, 32, 81, '1489817032'),
(626, 4, 26, 70, '1489817632'),
(627, 4, 35, 77, '1489818232'),
(628, 4, 34, 55, '1489818832'),
(629, 4, 34, 70, '1489819432'),
(630, 4, 31, 73, '1489820032'),
(631, 4, 31, 61, '1489820632'),
(632, 4, 30, 80, '1489821232'),
(633, 4, 34, 53, '1489821832'),
(634, 4, 30, 57, '1489822432'),
(635, 4, 27, 68, '1489823032'),
(636, 4, 32, 63, '1489823632'),
(637, 4, 28, 56, '1489824232'),
(638, 4, 31, 82, '1489824832'),
(639, 4, 33, 54, '1489825432'),
(640, 4, 27, 76, '1489826032'),
(641, 4, 35, 77, '1489826632'),
(642, 4, 25, 70, '1489827232'),
(643, 4, 28, 77, '1489827832'),
(644, 4, 28, 54, '1489828432'),
(645, 4, 33, 63, '1489829032'),
(646, 4, 27, 85, '1489829632'),
(647, 4, 27, 63, '1489830232'),
(648, 4, 32, 68, '1489830832'),
(649, 4, 29, 56, '1489831432'),
(650, 4, 29, 73, '1489832032'),
(651, 4, 27, 50, '1489832632'),
(652, 4, 30, 55, '1489833232'),
(653, 4, 29, 50, '1489833832'),
(654, 4, 29, 75, '1489834432'),
(655, 4, 26, 80, '1489835032'),
(656, 4, 28, 90, '1489835632'),
(657, 4, 32, 59, '1489836232'),
(658, 4, 29, 58, '1489836832'),
(659, 4, 30, 62, '1489837432'),
(660, 4, 29, 57, '1489838032'),
(661, 4, 34, 56, '1489838632'),
(662, 4, 31, 65, '1489839232'),
(663, 4, 34, 71, '1489839832'),
(664, 4, 30, 59, '1489840432'),
(665, 4, 33, 64, '1489841032'),
(666, 4, 31, 70, '1489841632'),
(667, 4, 27, 88, '1489842232'),
(668, 4, 30, 78, '1489842832'),
(669, 4, 34, 82, '1489843432'),
(670, 4, 34, 65, '1489844032'),
(671, 4, 34, 72, '1489844632'),
(672, 4, 27, 65, '1489845232'),
(673, 4, 29, 68, '1489845832'),
(674, 4, 29, 79, '1489846432'),
(675, 4, 27, 50, '1489847032');

-- --------------------------------------------------------

--
-- Table structure for table `roomBasicInfo`
--

CREATE TABLE IF NOT EXISTS `roomBasicInfo` (
  `roomId` int(11) NOT NULL,
  `roomName` varchar(50) CHARACTER SET utf8 COLLATE utf8_unicode_ci NOT NULL,
  PRIMARY KEY (`roomId`)
) ENGINE=InnoDB DEFAULT CHARSET=latin1;

--
-- Dumping data for table `roomBasicInfo`
--

INSERT INTO `roomBasicInfo` (`roomId`, `roomName`) VALUES
(1, 'A'),
(2, 'B'),
(3, 'C'),
(4, 'D'),
(5, 'E'),
(6, 'F');

/*!40101 SET CHARACTER_SET_CLIENT=@OLD_CHARACTER_SET_CLIENT */;
/*!40101 SET CHARACTER_SET_RESULTS=@OLD_CHARACTER_SET_RESULTS */;
/*!40101 SET COLLATION_CONNECTION=@OLD_COLLATION_CONNECTION */;
